{"name":"91023af6-1edd-46e2-aeb9-a15bf4faca58","id":"/providers/Microsoft.Flow/flows/91023af6-1edd-46e2-aeb9-a15bf4faca58","type":"Microsoft.Flow/flows","properties":{"apiId":"/providers/Microsoft.PowerApps/apis/shared_logicflows","displayName":"Approval flow Order in MS Teams","definition":{"metadata":{"workflowEntityId":null,"flowclientsuspensionreason":"None","flowclientsuspensiontime":null,"creator":{"id":"36b4a4de-513a-4afa-a944-8179a5e5db12","type":"User","tenantId":"92f4dd01-f0ea-4b5f-97f2-505c2945189c"},"provisioningMethod":"FromDefinition","failureAlertSubscription":true,"clientLastModifiedTime":"2021-02-10T13:00:29.8179403Z"},"$schema":"https://schema.management.azure.com/providers/Microsoft.Logic/schemas/2016-06-01/workflowdefinition.json#","contentVersion":"1.0.0.0","parameters":{"$connections":{"defaultValue":{},"type":"Object"},"$authentication":{"defaultValue":{},"type":"SecureObject"}},"triggers":{"manual":{"type":"Request","kind":"Http","inputs":{"schema":{"type":"object","properties":{"value":{"type":"array","items":{"type":"object","properties":{"subscriptionId":{"type":"string"},"clientState":{"type":"string"},"expirationDateTime":{"type":"string"},"resource":{"type":"string"},"changeType":{"type":"string"},"lastModifiedDateTime":{"type":"string"}},"required":["subscriptionId","clientState","expirationDateTime","resource","changeType","lastModifiedDateTime"]}}}}}}},"actions":{"Check_validationToken":{"actions":{"Return_validationToken":{"runAfter":{},"type":"Response","kind":"Http","inputs":{"statusCode":200,"body":"@triggerOutputs()['queries']['validationToken']"}}},"runAfter":{},"else":{"actions":{"Check_clientState":{"actions":{"Respond_Accepted":{"runAfter":{},"type":"Response","kind":"Http","inputs":{"statusCode":202}},"Apply_to_each_3":{"foreach":"@triggerBody()?['value']","actions":{"Condition":{"actions":{"Get_Approval_Entry":{"runAfter":{},"type":"Http","inputs":{"method":"GET","uri":"@items('Apply_to_each_3')?['resource']","authentication":{"type":"Basic","username":"bverbeek","password":"G3GplwzuQxYECu59a7AHdcB9ACDXLuZiSjlpmULctYk="}}},"Approval_Entry":{"runAfter":{"Get_Approval_Entry":["Succeeded"]},"type":"ParseJson","inputs":{"content":"@body('Get_Approval_Entry')","schema":{"type":"object","properties":{"@@odata.context":{"type":"string"},"@@odata.etag":{"type":"string"},"entryNo":{"type":"integer"},"documentType":{"type":"string"},"documentNo":{"type":"string"},"documentLineNo":{"type":"integer"},"approverID":{"type":"string"},"recordIDToApprove":{"type":"string"},"Status":{"type":"string"},"SystemId":{"type":"string"},"SystemCreatedAt":{"type":"string"},"SystemCreatedBy":{"type":"string"},"SystemModifiedAt":{"type":"string"},"SystemModifiedBy":{"type":"string"}}}}},"Condition_4":{"actions":{"Get_User_Setup":{"runAfter":{},"type":"Http","inputs":{"method":"GET","uri":"https://api.businesscentral.dynamics.com/v2.0/5e68c8ed-67c1-433a-8508-f5842937d406/sandbox2/api/4PS/approvals/v1.0/companies(d1629d53-1c62-eb11-be9d-9f9de2dd93e7)/userSetup('@{body('Approval_Entry')?['approverID']}')","authentication":{"type":"Basic","username":"bverbeek","password":"G3GplwzuQxYECu59a7AHdcB9ACDXLuZiSjlpmULctYk="}}},"User_Setup":{"runAfter":{"Get_User_Setup":["Succeeded"]},"type":"ParseJson","inputs":{"content":"@body('Get_User_Setup')","schema":{"type":"object","properties":{"@@odata.context":{"type":"string"},"@@odata.etag":{"type":"string"},"userId":{"type":"string"},"eMail":{"type":"string"},"employeeNo":{"type":"string"},"SystemId":{"type":"string"},"SystemCreatedAt":{"type":"string"},"SystemCreatedBy":{"type":"string"},"SystemModifiedAt":{"type":"string"},"SystemModifiedBy":{"type":"string"}}}}},"Start_and_wait_for_an_approval":{"runAfter":{"User_Setup":["Succeeded"]},"type":"OpenApiConnectionWebhook","inputs":{"host":{"apiId":"/providers/Microsoft.PowerApps/apis/shared_approvals","connectionName":"shared_approvals","operationId":"StartAndWaitForAnApproval"},"parameters":{"approvalType":"BasicAwaitAll","WebhookApprovalCreationInput/title":"There is an approval for @{body('Approval_Entry')?['documentType']} @{body('Approval_Entry')?['documentNo']}","WebhookApprovalCreationInput/assignedTo":"@{body('User_Setup')?['eMail']};","WebhookApprovalCreationInput/details":"For details go to:\nhttps://4psconstruct.bc.dynamics.com/5e68c8ed-67c1-433a-8508-f5842937d406/Sandbox2?company=Stream%20Systems%20Inc.\nAnd open the \"Request to Approve\" tile","WebhookApprovalCreationInput/itemLink":"https://4psconstruct.bc.dynamics.com/5e68c8ed-67c1-433a-8508-f5842937d406/Sandbox2?company=Stream%20Systems%20Inc.","WebhookApprovalCreationInput/itemLinkDescription":"4PS Construct","WebhookApprovalCreationInput/enableNotifications":true,"WebhookApprovalCreationInput/enableReassignment":true},"authentication":"@parameters('$authentication')"}},"Condition_2":{"actions":{"Post_Approval_Entry":{"runAfter":{},"type":"Http","inputs":{"method":"POST","uri":"https://api.businesscentral.dynamics.com/v2.0/5e68c8ed-67c1-433a-8508-f5842937d406/sandbox2/api/4PS/approvals/v1.0/companies(d1629d53-1c62-eb11-be9d-9f9de2dd93e7)/approvalEntries(@{body('Approval_Entry')?['entryNo']})/Microsoft.NAV.approveEntry","authentication":{"type":"Basic","username":"bverbeek","password":"G3GplwzuQxYECu59a7AHdcB9ACDXLuZiSjlpmULctYk="}}}},"runAfter":{"Start_and_wait_for_an_approval":["Succeeded"]},"expression":{"equals":["@outputs('Start_and_wait_for_an_approval')?['body/outcome']","Approve"]},"type":"If"}},"runAfter":{"Approval_Entry":["Succeeded"]},"expression":{"equals":["@body('Approval_Entry')?['Status']","Open"]},"type":"If"}},"runAfter":{},"expression":{"equals":["@items('Apply_to_each_3')?['changeType']","updated"]},"type":"If"}},"runAfter":{"Respond_Accepted":["Succeeded"]},"type":"Foreach"}},"runAfter":{},"else":{"actions":{"Respond_BadRequest":{"runAfter":{},"type":"Response","kind":"Http","inputs":{"statusCode":400}}}},"expression":{"and":[{"equals":["@triggerBody()['value'][0]['clientState']","SuperSecretValue123!"]},{"equals":["",""]}]},"type":"If"}}},"expression":{"and":[{"contains":["@triggerOutputs()","queries"]},{"contains":["@triggerOutputs()['queries']","validationToken"]}]},"type":"If"}},"outputs":{}},"connectionReferences":{"shared_approvals":{"connectionName":"shared-approvals-6e0d8161-3565-44a2-bd9d-325c-c68fc91d","source":"Embedded","id":"/providers/Microsoft.PowerApps/apis/shared_approvals","tier":"NotSpecified"}},"flowFailureAlertSubscribed":false}}